evidence_id,date,platform,platform_type,url,adult_status,starting_level,hebrew_type,motivation,goal,resources,study_frequency,reported_problem,problem_class,proposed_solution,solution_status,outcome,problem_tags,excerpt_or_paraphrase,interpretation
"E001","2021-10-12","Reddit r/languagelearning","Reddit","https://www.reddit.com/r/languagelearning/comments/q6gfup","adult implied (partner)","absolute beginner; does not know alphabet","Modern","surprise Hebrew-speaking girlfriend; fourth language","basic usable Hebrew","beginner book; alphabet notebook","not stated","unsure whether to learn alphabet first or follow a romanized beginner book","Observed problem","asks community for sequencing advice","Recommended solution","not reported","sequence/navigation;alphabet","Has a beginner book and notebook but does not know whether alphabet or romanized lessons should come first.","explicit"
"E002","2021-12-18","Reddit r/hebrew","Reddit","https://www.reddit.com/r/hebrew/comments/rjhljf","age unknown; no minor cue","complete beginner; cannot read alphabet","Modern","not stated","make progress in Hebrew","Duolingo","not stated","course begins with unpointed words and phrases; learner calls progress hopeless","Observed problem","asks for alternatives","Recommended solution","not reported","alphabet;niqqud;app-gap","Duolingo feels hopeless because it presents Hebrew words before the learner can read the script.","explicit"
"E003","2021-12-18","Reddit r/hebrew","Reddit","https://www.reddit.com/r/hebrew/comments/rjhljf","adult implied (living in Israel)","began as a beginner; now knows course material","Modern","living in Israel","communicate with people","Duolingo; Anki recommended","not stated","Duolingo did not build speaking or listening; cannot communicate despite knowing Hebrew material","Observed problem","add Anki and change tactics beyond Duolingo","Tried solution","negative transfer outcome: course knowledge without communication","listening;speaking;usable-progression;app-gap","Learner says neglecting speech/listening was a big mistake and they cannot communicate in Israel.","explicit"
"E004","2021-12-19","Reddit r/hebrew","Reddit","https://www.reddit.com/r/hebrew/comments/rjhljf","age unknown; no minor cue","beginner","Modern","not stated","continue learning after basics","Drops; Duolingo","not stated","Drops becomes monotonous after a while","Observed problem","switch to Duolingo after Drops","Tried solution","Drops tried; later-stage outcome not reported","motivation;app-gap;usable-progression","Learner recommends Drops for beginners but reports it becomes monotonous.","explicit"
"E005","2022-01-14","Reddit r/hebrew","Reddit","https://www.reddit.com/r/hebrew/comments/s3imxf","age unknown; no minor cue","can sound out alphabet; almost no vocabulary","Modern","independent interest","learn Hebrew properly without paid tutoring","self-study resources sought","not stated","can decode words but does not know what they mean; unsure how long usable learning takes","Observed problem","asks for independent path","Recommended solution","not reported","decoding-meaning-gap;vocabulary;usable-progression","Can phonetically sound out words but says they do not know what any of it means.","explicit"
"E006","2022-03-12","Reddit r/duolingo","Reddit","https://www.reddit.com/r/duolingo/comments/tcqsl4","age unknown; no minor cue","beginner after alphabet practice","Modern","not stated","learn Hebrew through a structured course","Duolingo","not stated","alphabet practice was useful but main lessons feel unfinished and poorly structured","Observed problem","looks for other online resources","Tried solution","alphabet practice helped; main course disappointed","app-gap;sequence/navigation;grammar","Calls the alphabet practice good but the actual course beta-like and disappointing.","explicit"
"E007","2022-04-07","Reddit r/hebrew","Reddit","https://www.reddit.com/r/hebrew/comments/ty1pgz","adult implied (paid lessons)","complete beginner at start","Modern","not stated","speaking and broader language ability","YouTube alphabet; basic phrases; Preply; songs","1–2 tutor lessons per month","English R pronunciation was hardest; initially skipped niqqud because daily text lacks it","Observed problem","practice R; do not skip niqqud; translate songs","Supported solution","songs helped a ton with sentence structure; tutor supplied correction","pronunciation;niqqud;grammar","Started with YouTube alphabet, later used occasional tutoring and songs; reports songs materially helped sentence structure.","explicit"
"E008","2022-04-12","Reddit r/hebrew","Reddit","https://www.reddit.com/r/hebrew/comments/u1r8c3","age unknown; no minor cue","beginner; alphabet status unclear","Modern","not stated","learn Hebrew","Duolingo","not stated","Hebrew is so different from English that learner has no idea how to proceed","Observed problem","asks for learning tricks","Recommended solution","not reported","sequence/navigation;script-distance","Says Duolingo Hebrew feels so different from English that they do not know the best way to learn.","explicit"
"E009","2022-07-30","Reddit r/duolingo","Reddit","https://www.reddit.com/r/duolingo/comments/wbztr4","age unknown; no minor cue","absolute beginner; using alphabet tab","Modern","not stated","begin the Duolingo course","Duolingo alphabet tab and lesson 1","not stated","main lesson removes vowel markings immediately after alphabet practice","Observed problem","argues course should begin with alphabet and retain scaffolding","Tried solution","alphabet tab beginning to work; first lesson caused new barrier","niqqud;app-gap;sequence/navigation","After getting the hang of the alphabet tab, the learner finds all vowel markings gone in lesson one.","explicit"
"E010","2022-09-05","Reddit r/hebrew","Reddit","https://www.reddit.com/r/hebrew/comments/x6gqx5","age unknown; no minor cue","knows alphabet and most niqqud; otherwise beginner","Modern and Biblical","long-term personal interest","learn both Modern and Biblical Hebrew","not stated","not stated","uncertain which Hebrew variety to start with","Observed problem","asks whether Modern or Biblical should come first","Recommended solution","not reported","segment-choice;sequence/navigation","Wants both varieties but is unsure which to begin after alphabet and niqqud.","explicit"
"E011","2022-12-06","Reddit r/hebrew","Reddit","https://www.reddit.com/r/hebrew/comments/ze3ig5","adult implied (multi-year study)","learned alphabet young; adult learner of broader language","Modern","not stated","fluency","formal and self-study not specified","multi-year","cursive took months; R and vowels difficult; verb conjugations a nightmare; preposition suffixes hard","Observed problem","none stated in account","Tried solution","continued learning despite difficulties; no discrete outcome","print-cursive;pronunciation;grammar","English-speaking learner lists script, sounds, verb conjugations, and suffixes as major challenges.","explicit"
"E012","2022-12-08","Reddit r/Israel","Reddit","https://www.reddit.com/r/Israel/comments/zgbtbe","adult implied (public transport/travel)","novice; knows other alphabets","Modern; script-focused","read place names","pronounce public-transport names","self-study","not stated","hit a brick wall because unpointed Hebrew assumes known vocabulary","Observed problem","asks community for advice","Recommended solution","not reported","niqqud;decoding;script-distance","Cannot pronounce place names without already knowing them and calls Hebrew a brick wall.","explicit"
"E013","2022-12-29","Reddit r/hebrew","Reddit","https://www.reddit.com/r/hebrew/comments/zyj8l8","adult implied (paid course)","beginner learning alphabet","Modern","not stated","choose a next course","Udemy alphabet course; considering Duolingo","not stated","unsure whether Duolingo is sufficient after alphabet study","Observed problem","asks whether to add Duolingo","Recommended solution","not reported","resource-choice;usable-progression","Currently learning alphabet through Udemy and asks if Duolingo is good enough next.","explicit"
"E014","2023-02-13","Reddit r/hebrew","Reddit","https://www.reddit.com/r/hebrew/comments/1apuzfd","age unknown; no minor cue","beginner; very small vocabulary","Modern","admiration for Hebrew and Israel","retain words and understand speech","Duolingo; books; music/TV considered","not stated","hardly retains words and cannot recognize known words in speech; media is still too hard","Observed problem","seeks a resource below native media difficulty","Tried solution","Duolingo tried with poor retention","vocabulary;listening;content-level;motivation","Says vocabulary does not stick and known words are not understood when heard.","explicit"
"E015","2023-03-15","Reddit r/hebrew","Reddit","https://www.reddit.com/r/hebrew/comments/11rpisx","adult implied (graduate school)","near-zero; knows four words and is learning alphabet","Modern","continue study when university lacks Hebrew","continue learning online","online resource/app not named","not stated","planned university classes are unavailable; needs an online continuation path","Observed problem","asks for online classes/resources","Tried solution","currently using an app for alphabet; no outcome","access;alphabet;sequence/navigation","Graduate-school learner reports no Hebrew offering and is using an app to learn the alphabet.","explicit"
"E016","2023-04-11","Reddit r/hebrew","Reddit","https://www.reddit.com/r/hebrew/comments/12igltx","age unknown; no minor cue","beginner; completed Duolingo alphabet","Modern","not stated","read ordinary Hebrew","Duolingo","not stated","devastated that most Hebrew lacks niqqud and cannot tell which vowels to use","Observed problem","asks whether words must be memorized as wholes","Recommended solution","not reported","niqqud;decoding;app-gap","After finishing alphabet practice, learner says unpointed text is devastating and unreadable.","explicit"
"E017","2026-08-03","YouTube – Hebrew Alphabet Crash Course comment","YouTube comment","https://www.youtube.com/watch?v=Ekc3lIVdHEU","age unknown; no minor cue","beginner","Biblical/religious","learn the earthly language of Jesus","begin Hebrew","alphabet crash-course video","single session implied","no problem reported","None","watches alphabet lesson","Tried solution","outcome not stated","religion;motivation;alphabet","Learner explicitly begins Hebrew from Christian religious motivation.","explicit"
"E018","2023-06-11","Reddit r/hebrew","Reddit","https://www.reddit.com/r/hebrew/comments/1478k3m","adult implied (willing to pay)","beginner","Modern","read and speak fluently","read and speak accurately","apps; sites; YouTube; considering Duolingo","not stated","mixed reviews make resource selection difficult","Observed problem","asks for accurate affordable resources","Recommended solution","not reported","resource-choice;trust","Wants fluent reading/speaking but cannot judge which beginner resources are accurate.","explicit"
"E019","2023-06-12","Reddit r/hebrew","Reddit","https://www.reddit.com/r/hebrew/comments/1478k3m","adult implied (living in Israel)","started before Israel with no alphabet stated","Modern","living in Israel","learn Hebrew","Duolingo alphabet","not stated","no problem reported","None","used Duolingo for alef-bet","Tried solution","reports it really helped, but gives no concrete skill measure","alphabet","Learner living in Israel says Duolingo’s alphabet section really helped before arrival.","explicit"
"E020","2023-06-28","Reddit r/hebrew","Reddit","https://www.reddit.com/r/hebrew/comments/14lnrkv","adult implied (self-directed family context)","complete beginner except memorized prayers","Modern; some liturgical background","family connection implied","learn Modern Hebrew","searching guides; family help unavailable","not stated","guides for print and manuscript forms are confusing","Observed problem","asks for a direct guide","Recommended solution","not reported","print-cursive;resource-choice;access","Cannot find a clear guide that covers both printed and handwritten alphabets.","explicit"
"E021","2023-08-22","Reddit r/hebrew","Reddit","https://www.reddit.com/r/hebrew/comments/15y61sy","adult implied (has children)","beginner","Modern; script-focused","heritage and empathy with children learning to read","sound out Hebrew","self-study/mnemonics","not stated","some symbols map counterintuitively to Latin expectations","Observed problem","uses visual mnemonics","Tried solution","enjoys sounding out words; mnemonics helped","alphabet;similar-letters;script-distance","Found some Hebrew letter–sound mappings maddeningly unlike Latin but reports mnemonic comparisons helped.","explicit"
"E022","2023-08-22","Reddit r/hebrew","Reddit","https://www.reddit.com/r/hebrew/comments/15y61sy","age unknown; no minor cue","can read print from childhood; handwriting near-zero","Modern","not stated","read Israelis’ handwriting","prior childhood alphabet learning","not stated","cannot read Israeli cursive handwriting","Observed problem","none stated","Tried solution","no improvement reported","print-cursive","Can read Hebrew print but says Israeli cursive remains unreadable.","explicit"
"E023","2023-11-02","Reddit r/hebrew","Reddit","https://www.reddit.com/r/hebrew/comments/17mg1us","adult explicit","absolute beginner; prayers only via transliteration","Liturgical first, Modern later","Jewish conversion and synagogue participation","understand services/holidays, later conversational Hebrew","transliterated prayers; prior Duolingo Spanish","not stated","learning difficulties; needs replayable text+audio; prior app format did not produce retention","Observed problem","seeks very basic multimodal self-paced resources","Tried solution","prior Duolingo language attempt failed to stick","accessibility;retention;audio;live-avoidance","Adult convert needs replayable, speed-adjustable audio and says a Duolingo-style format did not retain.","explicit"
"E024","2024-12-13","Reddit r/hebrew","Reddit","https://www.reddit.com/r/hebrew/comments/1hdnptm","adult explicit (mid-thirties)","absolute beginner","Modern","possible safety-critical work in Israel","make real progress within months","HebrewPod; video lessons","tried videos the prior year","video instructor moved too fast; does not know where an adult can start from zero","Observed problem","seeks adult-specialist online class or immersive teacher","Tried solution","prior video lessons failed to fit pace","content-pacing;sequence/navigation;access","Mid-thirties learner needs a zero-start path after abandoning videos that moved too fast.","explicit"
"E025","2026-07-28","YouTube – Hebrew Alphabet Crash Course comment","YouTube comment","https://www.youtube.com/watch?v=Ekc3lIVdHEU","age unknown; no minor cue","beginner; self-described slow learner","script-only/Biblical unclear","not stated","memorize alphabet","video; seeks worksheets","not stated","needs practice materials beyond watching; learns slowly","Observed problem","asks teacher for worksheets","Recommended solution","not reported","alphabet;practice;content-format","Slow learner wants worksheet practice rather than video alone.","explicit"
"E026","2023-11-24","Reddit r/hebrew","Reddit","https://www.reddit.com/r/hebrew/comments/182ttgu","age unknown; no minor cue","alphabet learner","Modern; script-focused","not stated","memorize alphabet order","unspecified practice","not stated","gave up memorizing alphabet order","Observed problem","suggests lyrics/transcriptions for sounds","Tried solution","abandoned order memorization","alphabet;abandonment","Reports giving up on memorizing the alphabet’s order.","explicit"
"E027","2023-11-25","Reddit r/hebrew","Reddit","https://www.reddit.com/r/hebrew/comments/182ttgu","age unknown; no minor cue","former absolute beginner","script-only or early Hebrew","not stated","learn to read","Learn to Read Hebrew in 6 Weeks","not stated","no problem stated","None","used a dedicated reading book","Tried solution","reports book was helpful but gives no concrete skill measure","alphabet;decoding","Dedicated six-week reading book was reported as helpful when starting.","explicit"
"E028","2026-06-11","YouTube – Hebrew Alphabet Crash Course comment","YouTube comment","https://www.youtube.com/watch?v=Ekc3lIVdHEU","adult implied (scripture study)","absolute beginner","Biblical/script","reading Psalm 119","learn alphabet for scripture","alphabet crash-course video","single session implied","no problem reported","None","starts alphabet video while reading Psalm 119","Tried solution","outcome not stated","religion;alphabet;motivation","Scripture reading directly triggers alphabet study.","explicit"
"E029","2026-05-11","YouTube – Hebrew Alphabet Crash Course comment","YouTube comment","https://www.youtube.com/watch?v=Ekc3lIVdHEU","adult implied (religious self-description)","first-time learner","Biblical/religious","Christian belief","learn Hebrew language","alphabet crash-course video","first session","no problem reported","None","begins with alphabet video","Tried solution","says teaching is clear; no skill measure","religion;alphabet;motivation","First-time learner begins Hebrew for Christian religious reasons.","explicit"
"E030","2023-12-05","Reddit r/hebrew","Reddit","https://www.reddit.com/r/hebrew/comments/18bism2","age unknown; no minor cue","beginner; speaking before script","Modern","learn to talk","speak first, alphabet later","Pimsleur","not stated","cost is high; alphabet deliberately deferred","Observed problem","continue Pimsleur and learn script later","Supported solution","says Pimsleur is doing wonders for speech","cost;alphabet;oral-first","Pimsleur user reports strong speaking progress but flags cost and postpones literacy.","explicit"
"E031","2024-02-13","Reddit r/hebrew","Reddit","https://www.reddit.com/r/hebrew/comments/1apuzfd","adult implied (plans paid lessons)","beginner","Modern","admiration of Hebrew/Israel","expand vocabulary then take lessons","Duolingo; notes; books","not stated","initial frustration and no niqqud caused abandonment","Observed problem","returned, pushed through, took notes","Supported solution","after restarting, reports large vocabulary gain","niqqud;abandonment;restart;vocabulary","Gave up Duolingo over missing niqqud, then returned with notes and reports substantial vocabulary growth.","explicit"
"E032","2024-03-14","Reddit r/hebrew","Reddit","https://www.reddit.com/r/hebrew/comments/1beepvr","age unknown; no minor cue","early reader","Modern","not stated","read unpointed Hebrew","niqqud reading","not stated","niqqud became distracting","Observed problem","stopped using niqqud","Tried solution","reports dropping it almost immediately","niqqud;decoding","Learner abandoned niqqud because it distracted from reading.","explicit"
"E033","2024-03-14","Reddit r/hebrew","Reddit","https://www.reddit.com/r/hebrew/comments/1beepvr","age unknown; no minor cue","early learner","Modern","not stated","progress in reading","niqqud","not stated","felt niqqud held back progress","Observed problem","stopped using niqqud quickly","Supported solution","reports removal made progression easier","niqqud;usable-progression","Learner says niqqud was holding them back and stopped using it.","explicit"
"E034","2024-05-24","Reddit r/hebrew","Reddit","https://www.reddit.com/r/hebrew/comments/1cz6c2f","age unknown; no minor cue","beginner","Modern","not stated","read and pronounce","learning with niqqud","not stated","cannot imagine reading without niqqud because vowels/pronunciation are unknown","Observed problem","memorize familiar unpointed words gradually","Tried solution","reports familiar words are becoming easier without marks","niqqud;decoding","Uses niqqud as necessary scaffolding and is gradually memorizing familiar unpointed forms.","explicit"
"E035","2024-05-24","Reddit r/hebrew","Reddit","https://www.reddit.com/r/hebrew/comments/1cz6c2f","age unknown; no minor cue","overwhelmed beginner","Modern","not stated","read Hebrew","niqqud","not stated","cannot understand how reading without vowels works and becomes overwhelmed","Observed problem","asks whether it is sight-word memorization","Recommended solution","not reported","niqqud;overwhelm;decoding","Learner explicitly says the absence of niqqud is overwhelming.","explicit"
"E036","2024-06-02","Reddit r/hebrew","Reddit","https://www.reddit.com/r/hebrew/comments/1d6m08f","age unknown; no minor cue","finished Duolingo alphabet; first lesson","Modern","not stated","continue Duolingo course","Duolingo; looked at music discography","not stated","sudden removal of niqqud made lesson difficult","Observed problem","asks learners/natives how unpointed reading develops","Tried solution","unexpectedly decoded one name; surprised by partial progress","niqqud;decoding;app-gap","After the marked alphabet section, lesson one felt difficult without niqqud, though one successful decoding surprised the learner.","explicit"
"E037","2024-07-20","Apple App Store – Learn Hebrew Alphabet & Words","App review","https://apps.apple.com/us/app/learn-hebrew-alphabet-words/id1530244308?platform=iphone&see-all=reviews","adult implied (reviewer)","beginner","Modern","not stated","speak Hebrew","alphabet/vocabulary app","not stated","app teaches letters and vocabulary but lacks grammar/root explanation needed for speaking","Observed problem","use other sources for fundamentals","Tried solution","alphabet and vocabulary improved; speaking goal not met","grammar;usable-progression;app-gap","Calls the app good for ABC/vocabulary but very hard for a beginner who wants to speak.","explicit"
"E038","2024-09-30","Apple App Store – Learn Hebrew Alphabet & Words","App review","https://apps.apple.com/us/app/learn-hebrew-alphabet-words/id1530244308?platform=iphone&see-all=reviews","adult implied (payment-card context)","absolute beginner implied","script-focused/Modern","not stated","try beginner training","alphabet app","one download/session","every training screen requires subscription/card details before any trial lesson","Observed problem","requests honest limited free lessons","Tried solution","did not begin training due paywall","cost;access;abandonment","Downloaded the app but could not sample any training without confirming a subscription.","explicit"
"E039","2024-12-05","Apple App Store – Drops Hebrew","App review","https://apps.apple.com/us/app/learn-hebrew-language-by-drops/id1227950330?platform=iphone&see-all=reviews","adult implied (price decision)","beginner","Modern","not stated","learn vocabulary and pronunciation","Drops free tier","small daily lessons","premium price feels steep; free tier permits only small bits","Observed problem","continues bite-size free practice","Supported solution","reports multimodal bite-size method effective","cost;low-frequency;vocabulary;pronunciation","Pictures, transliteration, Hebrew text and audio work for the learner, but price limits daily volume.","explicit"
"E040","2024-12-17","Reddit r/hebrew","Reddit","https://www.reddit.com/r/hebrew/comments/1hg28hz","age unknown; no minor cue","beginner/early learner","Modern","not stated","learn Hebrew","Duolingo","not stated","listen-and-type audio is too hard to understand; progression feels poor","Observed problem","none tried in account","Tried solution","negative outcome","listening;app-gap;sequence/navigation","Learner says even an Israeli friend could not parse one listening item and dislikes progression.","explicit"
"E041","2024-12-17","Reddit r/hebrew","Reddit","https://www.reddit.com/r/hebrew/comments/1hg28hz","age unknown; no minor cue","beginner","Modern","not stated","basic foundation","Duolingo","not stated","expects app ceiling beyond alphabet/basic vocabulary","Observed problem","would need other resources later (inferred from account)","Supported solution","reports alphabet and basic vocabulary gains","alphabet;vocabulary;usable-progression","Duolingo helped with alphabet and basic vocabulary but learner sees that as its likely limit.","explicit for outcome; inferred for future need"
"E042","2026-04-11","YouTube – Hebrew Alphabet Crash Course comment","YouTube comment","https://www.youtube.com/watch?v=Ekc3lIVdHEU","adult implied (joins a class)","beginner/relearner","Biblical","long-standing desire and current formal study","speak and understand Hebrew","video; newly enrolled Biblical Hebrew class","class now; long prior delay","wanted to learn for a long time before finally starting a class","Observed problem","combined class with video","Tried solution","excited to have restarted; outcome not yet measured","stopping;restart;religion;motivation","Long-delayed learner finally starts a Biblical Hebrew class and returns to the video.","explicit"
"E043","2025-02-20","Apple App Store – Hebrew Learning For Beginners","App review","https://apps.apple.com/us/app/6448315401?platform=iphone&see-all=reviews","adult implied (reviewer)","beginner","Modern","not stated","speak, read, and learn grammar","Hebrew Learning For Beginners app","not stated","app supplies isolated words and trivial quizzes, not grammar or language learning; free content shrank","Observed problem","plans to delete; recommends only for word lists","Tried solution","negative; abandonment intended","vocabulary;grammar;cost;app-gap;abandonment","Reviewer plans deletion because the app teaches word lists rather than connected Hebrew.","explicit"
"E044","2025-04-04","Reddit r/hebrew","Reddit","https://www.reddit.com/r/hebrew/comments/1jqyujg","age unknown; no minor cue","absolute beginner; does not know script","Modern","not stated","start from zero","Duolingo","first lesson","first lesson has unpointed script and no audio; learner cannot start","Observed problem","asks for alternatives","Recommended solution","not reported","alphabet;niqqud;audio;app-gap","New learner says Duolingo drops them into script without niqqud or audio.","explicit"
"E045","2025-04-04","Reddit r/hebrew","Reddit","https://www.reddit.com/r/hebrew/comments/1jqyujg","age unknown; no minor cue","absolute beginner using alphabet tab","Modern","not stated","reach main lessons","Duolingo alphabet tab","not stated","alphabet study will delay meaningful progress for a while","Observed problem","continues alphabet section","Tried solution","early progress only","alphabet;usable-progression;sequence/navigation","Found the alphabet lessons but expects a long wait before the main course is usable.","explicit"
"E046","2025-06-25","Apple App Store – Drops Hebrew","App review","https://apps.apple.com/us/app/learn-hebrew-language-by-drops/id1227950330?platform=iphone&see-all=reviews","adult implied (self-study/payment)","beginner/self-learner","Modern","not stated","memorize and keep progressing","Drops; notebook; Mango; Remember; Duolingo; books/music","five minutes then ten-hour wait","free-tier wait interrupts learning; no single app leads to fluency","Observed problem","mix sources and write by hand","Supported solution","multiple exercise modes produced memorization","cost;low-frequency;retention;resource-fragmentation","Reports memorizing through varied repetition but must wait ten hours after a five-minute lesson.","explicit"
"E047","2026-07-29","YouTube – Alef-Bet Made Simple comment","YouTube comment","https://www.youtube.com/watch?v=uiGXh2BFKUo","adult implied (theology study)","absolute beginner","Ancient/Biblical","beginning theology","pronounce letters","alphabet video; planned theology course","first session","pronunciation and alphabet feel difficult","Observed problem","uses focused pronunciation video","Supported solution","reports video was a great help while acknowledging more study needed","pronunciation;alphabet;religion","Theology learner finds the script difficult but reports concrete pronunciation help.","explicit"
"E048","2025-10-15","Apple App Store – Learn Hebrew (Beginners)","App review","https://apps.apple.com/us/app/learn-hebrew-beginners/id6692633730","adult implied (reviewer)","beginner","Modern","not stated","continue learning","BNR Learn Hebrew; another unnamed app","not stated","began to hate another app","Observed problem","switched to a reviewable app","Tried solution","new app is fun and permits review; no concrete learning gain stated","motivation;restart;review","A prior app produced aversion; switching to one with review restored enjoyment.","explicit"
"E049","2025-11-25","Apple App Store – Learn Hebrew Alphabet & Words","App review","https://apps.apple.com/us/app/1530244308?platform=iphone&see-all=reviews","adult implied (payment decision)","absolute beginner implied","script-focused/Modern","not stated","try alphabet lessons","alphabet app","single attempt","cannot try alphabet without agreeing to subscription","Observed problem","requests real no-card trial","Tried solution","abandoned before learning","cost;access;abandonment","Would not consider purchase because even alphabet sampling requires subscription enrollment.","explicit"
"E050","2025-12-02","Reddit r/hebrew","Reddit","https://www.reddit.com/r/hebrew/comments/1pcmvf7","adult implied (reads academic/religious texts)","Biblical reader; Modern/unpointed literacy near-zero","Biblical transitioning to rabbinic/unpointed texts","read Tosefta and Masorah","read unpointed scholarly/religious Hebrew","pointed Biblical Hebrew","not stated","does not know how to read unpointed text beyond memorization","Observed problem","asks native speakers for method","Recommended solution","not reported","niqqud;segment-transition;decoding","Pointed Biblical reading did not transfer to unpointed texts.","explicit"
"E051","2026-07-28","YouTube – Alef-Bet Made Simple comment","YouTube comment","https://www.youtube.com/watch?v=uiGXh2BFKUo","age unknown; no minor cue","first-time learner","script-only","not stated","learn alphabet","alphabet video","first session","alphabet seems difficult","Observed problem","plans to keep watching","Tried solution","early stage; no outcome","alphabet;overwhelm;practice","First-time learner explicitly says the alphabet seems difficult but intends to continue.","explicit"
"E052","2026-04-17","Reddit r/hebrew","Reddit","https://www.reddit.com/r/hebrew/comments/1snnlm6","adult implied (family-history account)","absolute beginner implied; Arabic speaker","Modern and heritage","reconnect with concealed Jewish ancestry","learn Hebrew as heritage language","searched courses/books","not stated","cannot find Hebrew courses/books taught through Arabic","Observed problem","asks for resources leveraging Arabic","Recommended solution","not reported","access;resource-choice;heritage","Motivated by newly learned ancestry but cannot find Arabic-medium resources.","explicit"
"E053","2026-07-11","YouTube – Alef-Bet Made Simple comment","YouTube comment","https://www.youtube.com/watch?v=uiGXh2BFKUo","adult explicit (started Hebrew school at 36)","beginner","Modern/school","formal adult study","improve pronunciation alongside grammar","Hebrew school; alphabet video","class schedule not stated","teacher emphasizes grammar and under-serves pronunciation","Observed problem","adds pronunciation video","Supported solution","reports video is helping very much","pronunciation;resource-fragmentation;adult-class","Adult learner supplements grammar-heavy class with effective pronunciation instruction.","explicit"
"E054","2026-07-11","YouTube – Alef-Bet Made Simple comment","YouTube comment","https://www.youtube.com/watch?v=uiGXh2BFKUo","age unknown; no minor cue","beginner","Modern/script","not stated","improve Hebrew","alphabet video","not stated","no problem reported","None","repeatedly uses video","Supported solution","explicitly says they are improving","alphabet;pronunciation;practice","Beginner reports improvement from the video, though no skill test is supplied.","explicit"
"E055","2026-06-10","Reddit r/hebrew","Reddit","https://www.reddit.com/r/hebrew/comments/1u1pj22","adult implied (religious process and classes)","conversational but functionally illiterate; knows alphabet","Liturgical/prayer","teshuva and prayer","read a siddur with niqqud","siddur; ulpan; conversational teacher","not stated","almost functionally illiterate despite conversational skill","Observed problem","asks for niqqud practice resources","Supported solution","later reports a grammar book aided pronunciation; teachers complimented it","literacy-gap;niqqud;segment-transition","Conversational ability did not yield prayer-book literacy; explicit niqqud study improved pronunciation.","explicit"
"E056","2022-03-25","B-Hebrew Biblical Hebrew Forum","Forum","https://bhebrew.biblicalhumanities.org/viewtopic.php?t=22665","adult implied (forum profile/content)","new learner","Biblical-oriented alphabet study","religious interest inferred from forum/signoff","understand Hebrew spelling","focal YouTube alphabet video","not stated","cannot understand why transliterated ABBA has fewer visible Hebrew letters","Observed problem","asks forum","Recommended solution","receives dagesh explanation; outcome not reported","alphabet;niqqud;transliteration","New learner maps English letter count directly onto Hebrew and is confused by dagesh.","explicit problem; religious motivation inferred"
"E057","2024-08-11","YouTube – Hebrew Starter's Packet comment","YouTube comment","https://www.youtube.com/watch?v=jcb-xAvJKqE","age unknown; no minor cue","absolute beginner","script-only","not stated","hear and learn letter sounds","Starter's Packet video","stopped at first letter","background music masks the pronunciation","Observed problem","abandons video immediately","Tried solution","negative; could not pass first letter","audio;attention;abandonment;content-format","Background music prevented the learner from hearing the key sound and ended the session.","explicit"
"E058","2024-08-11","YouTube – Hebrew Starter's Packet comment","YouTube comment","https://www.youtube.com/watch?v=jcb-xAvJKqE","age unknown; no minor cue","beginner using first Duolingo unit","Modern","not stated","understand how vowel marks enter the course","Duolingo; Starter's Packet video","early first unit","father/love appear without vowel marks and learner does not know whether marks appear later","Observed problem","asks comments rather than researching elsewhere","Tried solution","confusion unresolved in account","niqqud;app-gap;sequence/navigation","Duolingo’s unpointed early words leave the learner unsure of the course's vowel progression.","explicit"
"E059","2023-07-15","Apple App Store – Mango Languages (Ukraine storefront)","App review","https://apps.apple.com/ua/app/443516516?platform=iphone&see-all=reviews","adult implied (reviewer)","completed first beginner unit","Modern","not stated","continue structured Hebrew","Mango Languages","completed unit 1","course ends after one Hebrew unit","Observed problem","considers switching to Biblical Hebrew while waiting","Tried solution","liked voiceovers and method but cannot continue same track","content-ceiling;segment-transition;usable-progression","Finished the available Modern Hebrew unit and found no next unit.","explicit"
"E060","2023-03-18","Apple App Store – Hebrew by Nemo","App review","https://apps.apple.com/us/app/hebrew-by-nemo/id635604416?platform=iphone&see-all=reviews","adult implied (reviewer)","beginner vocabulary learner","Modern","not stated","expand usable vocabulary/listening","Hebrew by Nemo","not stated","forced repetition of already-known words wastes time and delays new material","Observed problem","wants confidence ratings/custom review","Tried solution","likes audio/customization but progress pacing frustrates","review;sequence/navigation;vocabulary;app-gap","Automatic review over-practices mastered words and introduces new words too slowly.","explicit"
"E061","2026-08-06","YouTube focal video comment","YouTube comment","https://www.youtube.com/watch?v=_UU6Fe7lqIo","age unknown; no minor cue","beginner script learner","script-only/Modern unclear","not stated","distinguish Hebrew writing forms","focal alphabet video","single session implied","handwriting looks very different from print","Observed problem","uses video comparison","Tried solution","calls video useful but gives no concrete skill gain","print-cursive;alphabet","Viewer notices strong print/handwriting differences and finds side-by-side teaching useful.","explicit"
"E062","2026-07-11","YouTube focal video comment","YouTube comment","https://www.youtube.com/watch?v=_UU6Fe7lqIo","adult implied (lesson packet/self-study)","beginner; speaking packet but no literacy","Modern","religious praise present; exact motivation unclear","add reading and writing to speaking","immersion-oriented Hebrew lesson packet; focal video","not stated","packet teaches speaking but omits reading/writing","Observed problem","adds alphabet video","Tried solution","need identified; outcome not yet reported","literacy-gap;resource-fragmentation","Learner wants natural spoken immersion but says literacy is also necessary and missing from packet.","explicit"
"E063","2026-06-11","YouTube focal video comment","YouTube comment","https://www.youtube.com/watch?v=_UU6Fe7lqIo","age unknown; no minor cue","beginner viewer","script/Modern unclear","not stated","practice Hebrew","focal video","single session","speech is fast/unnatural and frequent ads interrupt practice","Observed problem","none stated","Tried solution","calls video good practice despite friction","audio;attention;content-format","Pacing and ad interruptions make a useful practice video harder to follow.","explicit"
"E064","2026-06-11","YouTube focal video comment","YouTube comment","https://www.youtube.com/watch?v=_UU6Fe7lqIo","age unknown; no minor cue","stopped at letter 13","script-only","not stated","resume alphabet learning","focal video; other videos tried","returned after seven years","lost the resource and made no comparable progress elsewhere","Observed problem","returned to original video","Tried solution","restart after long lapse; values source highly","stopping;restart;resource-choice;alphabet","Reached letter 13 in 2019, lost the video for nearly seven years, then restarted.","explicit"
"E065","2026-06-11","YouTube focal video comment","YouTube comment","https://www.youtube.com/watch?v=_UU6Fe7lqIo","age unknown; no minor cue","beginner viewer","script-only","interest/curiosity","explore Hebrew alphabet","focal video","single session implied","no problem reported","None","watches from intrinsic curiosity","Tried solution","outcome not stated","curiosity;motivation","Viewer says the alphabet itself is the only reason for learning.","explicit"
"E066","2026-06-11","YouTube focal video comment","YouTube comment","https://www.youtube.com/watch?v=_UU6Fe7lqIo","age unknown; no minor cue","beginner viewer","script-only","not stated","understand symbols and sounds","focal video","single session","cannot tell whether board item is handwriting, print, or only a sound marker","Observed problem","asks in comments","Recommended solution","not reported","alphabet;print-cursive;niqqud","Viewer understands two forms but is confused by a third visual element.","explicit"
"E067","2026-05-11","YouTube focal video comment","YouTube comment","https://www.youtube.com/watch?v=_UU6Fe7lqIo","age unknown; no minor cue","first-time learner","script-only","not stated","learn alphabet through English","focal video","single session","finds lesson very difficult and does not understand the mapping","Observed problem","none stated","Tried solution","no learning reported","overwhelm;script-distance;alphabet","First-time learner says they understand almost nothing in the English-to-Hebrew presentation.","explicit"
"E068","2026-04-11","YouTube focal video comment","YouTube comment","https://www.youtube.com/watch?v=_UU6Fe7lqIo","age unknown; no minor cue","beginner","script-only","not stated","understand aleph and vowels","focal video","single session","confused whether aleph supplies /a/ or requires a vowel mark","Observed problem","asks correction in comments","Recommended solution","not reported","alphabet;niqqud;pronunciation","Aleph/vowel relationship is explicitly confusing.","explicit"
"E069","2026-03-11","YouTube focal video comment","YouTube comment","https://www.youtube.com/watch?v=_UU6Fe7lqIo","age unknown; no minor cue","completed only first portion","script-only","not stated","finish alphabet","focal video","single session","video does not contain or clearly link the rest of the alphabet","Observed problem","searches for part two","Tried solution","continuation not found","content-ceiling;sequence/navigation","Viewer cannot locate the next lesson needed to finish the alphabet.","explicit"
"E070","2026-03-11","YouTube focal video comment","YouTube comment","https://www.youtube.com/watch?v=_UU6Fe7lqIo","adult implied (political/travel context)","one month into learning implied","Modern","future contact with Israeli visitors; reciprocity with Persian speakers","communicate/show respect","focal alphabet video; prior month of study","one month and four days stated","no problem reported","None","continues self-study","Tried solution","outcome not stated","relationship/community;motivation","Iranian learner studies for anticipated interactions with Israeli visitors.","explicit"
"E071","2026-02-11","YouTube focal video comment","YouTube comment","https://www.youtube.com/watch?v=_UU6Fe7lqIo","adult explicit (lives in USA)","wants to start from scratch","Modern","friendship/solidarity with Israel","learn Hebrew","focal video","not stated","does not know how to start and requests advice","Observed problem","asks instructor for advice","Recommended solution","not reported","sequence/navigation;relationship/community","US-based adult describes a new social/political motivation and asks how to begin from scratch.","explicit"
"E072","2026-01-11","YouTube focal video comment","YouTube comment","https://www.youtube.com/watch?v=_UU6Fe7lqIo","age unknown; no minor cue","beginner Hebrew; Arabic background","Modern/script","curiosity after prior Arabic","notice cross-language similarities","focal video; prior Arabic learning","single session","no problem reported","None","uses Arabic comparison","Tried solution","recognizes a vav parallel but gives no broader skill gain","prior-language;alphabet;pronunciation","Arabic background produces an explicit moment of Hebrew sound-pattern recognition.","explicit"
"E073","2025-11-11","YouTube focal video comment","YouTube comment","https://www.youtube.com/watch?v=_UU6Fe7lqIo","age unknown; no minor cue","beginner viewer","script-only","not stated","learn alphabet","focal video","single session","reports learning nothing from the lesson","Observed problem","none stated","Tried solution","negative outcome","content-format;overwhelm;alphabet","Viewer explicitly says the video taught them nothing.","explicit"
"E074","2025-10-11","YouTube focal video comment","YouTube comment","https://www.youtube.com/watch?v=_UU6Fe7lqIo","adult_status unknown; disability stated","beginner viewer","script-only","not stated","learn despite dyslexia","focal video","not stated","dyslexia is a learning constraint","Observed problem","uses this teaching style","Supported solution","reports the instructor's method helps","accessibility;alphabet","Dyslexic learner explicitly reports the video’s method is helpful.","explicit"
"E075","2022-01-17","Apple App Store – Drops Hebrew","App review","https://apps.apple.com/us/app/learn-hebrew-language-by-drops/id1227950330?platform=iphone&see-all=reviews","adult implied (reviewer)","beginner","Modern","not stated","associate Hebrew script directly with meanings","Drops","not stated","items advance too quickly; learner remembers English/transliteration but struggles with Hebrew letters","Observed problem","requests longer display or Hebrew-only mode","Tried solution","pictures sometimes improved direct association","alphabet;transliteration;content-pacing","Time pressure reinforces English letters more than Hebrew forms.","explicit"
"E076","2026-03-07","Apple App Store – Learn Hebrew Alphabet & Words","App review","https://apps.apple.com/us/app/1530244308?platform=iphone&see-all=reviews","adult implied (card/payment decision)","absolute beginner implied","script-focused/Modern","not stated","sample beginner lessons","alphabet app","single attempt","immediate paywall requires card before learner can inspect lesson structure","Observed problem","requests a few free alphabet/beginner lessons","Tried solution","abandoned before instruction","cost;access;abandonment","Would not enter card details just to see how lessons work.","explicit"
"E077","2025-12-11","YouTube focal video comment","YouTube comment","https://www.youtube.com/watch?v=_UU6Fe7lqIo","age unknown; no minor cue","partial alphabet learner","script-only","not stated","complete alphabet","focal video","single session","cannot find part two","Observed problem","asks comments for link","Tried solution","no continuation reported","content-ceiling;sequence/navigation","Search for the missing second part repeats the continuation barrier.","explicit"
"E078","2025-11-11","YouTube focal video comment","YouTube comment","https://www.youtube.com/watch?v=_UU6Fe7lqIo","age unknown; no minor cue","partial alphabet learner","script-only","not stated","complete alphabet","focal video","single session","cannot find the second part","Observed problem","asks other viewers","Tried solution","not found","content-ceiling;sequence/navigation","Another viewer cannot locate the continuation.","explicit"
"E079","2025-09-11","YouTube focal video comment","YouTube comment","https://www.youtube.com/watch?v=_UU6Fe7lqIo","age unknown; no minor cue","partial alphabet learner","script-only","not stated","continue lesson","focal video","single session","asks where lesson two is","Observed problem","searches for next lesson","Tried solution","not reported","content-ceiling;sequence/navigation","Lesson sequence is not discoverable to the learner.","explicit"
"E080","2026-08-03","YouTube – Hebrew Jump Start comment","YouTube comment","https://www.youtube.com/watch?v=tk1njVL723w","adult implied (prior Syriac study)","beginner Hebrew; some Syriac script","Biblical/script","not stated","understand Hebrew vowels and consonants","Hebrew Jump Start video; prior Syriac","single session","vowels and different consonants with similar sounds were confusing","Observed problem","uses comparative explanation video","Supported solution","reports the video cleared confusion","niqqud;similar-letters;prior-language;pronunciation","Prior related-script knowledge did not prevent vowel/sound confusion, which the video resolved.","explicit"
"E081","2026-07-21","YouTube – Hebrew Jump Start comment","YouTube comment","https://www.youtube.com/watch?v=tk1njVL723w","adult implied (seeks classroom)","beginner","Modern/Biblical unclear","not stated","keep accountable and progressing","YouTube lesson; seeks class","not stated","self-study lacks accountability/progression structure","Observed problem","asks where to find classroom setting","Recommended solution","not reported","accountability;habit;live-lessons;sequence/navigation","Learner wants a classroom specifically for accountability and progression.","explicit"
"E082","2026-07-21","YouTube – Hebrew Jump Start comment","YouTube comment","https://www.youtube.com/watch?v=tk1njVL723w","adult implied (paid course)","beginner","Biblical","religious/academic study implied","benefit from paid Biblical Hebrew study","paid Biblical course; free video","not stated","paid course cost hundreds but learner is not benefiting","Observed problem","uses alternative video method","Supported solution","reports one video outperformed paid course","cost;content-format;resource-choice;religion","Learner reports much greater benefit from one free teaching video than an expensive course.","explicit"
"E083","2023-11-03","Reddit r/hebrew","Reddit","https://www.reddit.com/r/hebrew/comments/17mg1us","age unknown; no minor cue","started from alphabet","Modern","not stated","become comfortable reading/pronouncing","Duolingo","daily for one to several months recommended from experience","pop-up ads disrupt use; premium needed for functionality","Observed problem","paid for premium","Supported solution","daily use increased reading/pronunciation comfort","cost;attention;alphabet;decoding","Alphabet practice worked over months, but ads made free use annoying.","explicit"
"E084","2024-05-02","Reddit r/hebrew","Reddit","https://www.reddit.com/r/hebrew/comments/1ci7aod","adult implied (substantial self-study)","began below beginner reading level implied","Modern","not stated","read beginner news and online comments","Duolingo; Bereshit","substantial course use","no problem stated","None","used course then authentic beginner text","Supported solution","could read Bereshit and decipher Reddit comments","decoding;vocabulary;usable-progression","Reports concrete transfer from Duolingo to beginner newspaper reading.","explicit"
"E085","2025-08-11","YouTube – Hebrew Starter's Packet comment","YouTube comment","https://www.youtube.com/watch?v=jcb-xAvJKqE","adult implied (conversion process)","absolute beginner; remembers first five letters","Liturgical/Biblical","conversion to Judaism","understand alphabet for conversion","Starter's Packet video","early sessions","confused why alef is not a vowel like Latin A","Observed problem","asks in comments","Tried solution","five letters retained; confusion unresolved in account","alphabet;niqqud;script-distance;religion","Conversion learner has retained five letters but maps alef to Latin-vowel expectations.","explicit"
"E086","2025-08-11","YouTube – Hebrew Starter's Packet comment","YouTube comment","https://www.youtube.com/watch?v=jcb-xAvJKqE","adult implied (self-directed learner)","beginner","Modern/script","not stated","understand changing word forms","Starter's Packet video","not stated","Somali learner finds Hebrew word changes difficult to understand","Observed problem","uses alphabet/video lessons","Tried solution","difficulty remains","grammar;script-distance;overwhelm","Changing word forms are explicitly difficult for this beginner.","explicit"
"E087","2025-08-11","YouTube – Hebrew Starter's Packet comment","YouTube comment","https://www.youtube.com/watch?v=jcb-xAvJKqE","age unknown; no minor cue","beginner","Modern/script","not stated","learn alphabet and basic words","Starter's Packet video","not stated","finds learning without English transliteration/translation hard","Observed problem","requests transliteration and English meanings","Recommended solution","not reported","transliteration;alphabet;content-format","Beginner explicitly asks for Latin transliteration as support.","explicit"
"E088","2026-01-01","Reddit r/hebrew","Reddit","https://www.reddit.com/r/hebrew/comments/1q0rxdi","adult explicit (about 40)","just started Hebrew letters; some childhood Yiddish by ear","Liturgical/Biblical reading; Hebrew–Yiddish script comparison","adult bat mitzvah and religious connection","gain foundational Hebrew reading","Duolingo; rabbi; planned videos/children's books","newly started","Duolingo makes learner repeat symbols without explanation/names; joining children's class feels socially uncomfortable","Observed problem","combine videos and books with app practice","Tried solution","early stage; no outcome yet","alphabet;app-gap;live-avoidance;segment-choice","About-40 learner avoids a children's live class and finds symbol-only repetition under-explained.","explicit"
"E089","2023-06-28","Reddit r/hebrew","Reddit","https://www.reddit.com/r/hebrew/comments/14lnrkv","adult implied (independent learner)","complete beginner beyond memorized prayers","Modern","family connection and prior prayers","self-teach broader language","multiple guides; direct family guide unavailable","not stated","unsure where mistakes lie without a direct guide","Observed problem","asks community for structured guidance","Recommended solution","not reported","feedback;live-avoidance;resource-fragmentation","Self-teaching is harder because there is no trusted person to identify errors.","explicit"
"E090","2024-08-11","YouTube – Hebrew Starter's Packet comment","YouTube comment","https://www.youtube.com/watch?v=jcb-xAvJKqE","adult implied (work assignment)","absolute beginner/script learner","Modern","going to work on Tel Aviv Metro","read Hebrew for work","Starter's Packet video","not stated","no problem reported","None","begins alphabet study","Tried solution","outcome not stated","work;alphabet;motivation","A concrete job in Tel Aviv motivates a need to read Hebrew.","explicit"
"E091","2026-06-02","Reddit r/hebrew","Reddit","https://www.reddit.com/r/hebrew/comments/1tuz7m4","adult implied (class participation)","started at zero; now very low level","Modern","not stated","speak basic Hebrew","class; speaking immediately; children's songs","class then ongoing low level","class did not teach niqqud; current speaking remains very low","Observed problem","recommends verbal practice and simple songs","Tried solution","some speech gained but remains low","speaking;niqqud;usable-progression","Immediate-speaking class produced only a very low current level.","explicit"
"E092","2026-06-03","Reddit r/hebrew","Reddit","https://www.reddit.com/r/hebrew/comments/1tuz7m4","adult implied (multilingual self-learner)","beginner","Modern","likes singing","memorize common sentences and enter the language","song translation; native friend correction","translated at least two songs","made many errors on first translation","Observed problem","friend corrected errors; translated another song","Supported solution","second song had many fewer errors; memorization easier","feedback;grammar;vocabulary;music","Corrected song translation produced a concrete reduction in errors.","explicit"
"E093","2023-04-23","Apple App Store – Drops Hebrew","App review","https://apps.apple.com/us/app/learn-hebrew-language-by-drops/id1227950330?platform=iphone&see-all=reviews","adult explicit (working plumber/online school)","beginner","Modern","fit study around mobile work","keep learning vocabulary/alphabet","Drops; online school","small amounts throughout workday; months","risk of falling off learning routine","Observed problem","uses micro-sessions on the go","Supported solution","continued for months and remains satisfied","habit;low-frequency;motivation;vocabulary","Short mobile sessions kept a busy adult learning for months.","explicit"
"E094","2026-06-25","Apple App Store – Learn Hebrew Alphabet & Words","App review","https://apps.apple.com/us/app/learn-hebrew-alphabet-words/id1530244308","adult implied (reviewer)","beginner implied","Modern and Biblical","not stated","learn both varieties","flashcards; quizzes; lessons","not stated","no problem reported","None","uses combined app","Tried solution","reports content is understandable; no concrete skill measure","segment-choice;resource-choice","Learner values one app covering both ancient and Modern Hebrew but gives no measured gain.","explicit"
"E095","2025-04-19","Reddit r/hebrew","Reddit","https://www.reddit.com/r/hebrew/comments/1k2v7f2","adult explicit (senior)","near-zero usable Hebrew; learned two Torah lines decades ago","Liturgical background; Modern travel goal","adult bat mitzvah history and planned Israel visit","hold travel conversations and read signs","transliterated prayer; prior memorized Torah lines","several months for two lines; current frequency not stated","cannot keep up with prayer even using transliteration and doubts travel-level Hebrew is realistic","Observed problem","asks for realistic beginner method","Recommended solution","not reported","transliteration;content-pacing;oral-first;decoding","Senior learner needs months for two lines and still falls behind transliterated services, but wants practical travel Hebrew.","explicit"
